{"cameraMode":{"drawMode":0,"name":"Shaded","section":"Shading Mode"},"sceneLighting":true,"audioPlay":false,"sceneViewState":{"m_AlwaysRefresh":false,"showFog":true,"showSkybox":true,"showFlares":true,"showImageEffects":true,"showParticleSystems":true,"showVisualEffectGraphs":true,"m_FxEnabled":true},"in2DMode":false,"pivot":{"x":3.3369243144989015,"y":-0.04297095164656639,"z":-1.4228084087371827},"rotation":{"x":-0.14966832101345063,"y":-0.5746610164642334,"z":0.1076829582452774,"w":-0.7975606322288513},"size":7.656246662139893,"orthographic":false}