{"cameraMode":{"drawMode":0,"name":"Shaded","section":"Shading Mode"},"sceneLighting":true,"audioPlay":false,"sceneViewState":{"m_AlwaysRefresh":false,"showFog":true,"showSkybox":true,"showFlares":true,"showImageEffects":true,"showParticleSystems":true,"showVisualEffectGraphs":true,"m_FxEnabled":true},"in2DMode":false,"pivot":{"x":-1.1138710975646973,"y":8.916290283203125,"z":-5.333016395568848},"rotation":{"x":-0.34497228264808657,"y":0.0019679057877510788,"z":-0.0007242157589644194,"w":-0.9386119246482849},"size":7.827526092529297,"orthographic":true}