{"cameraMode":{"drawMode":0,"name":"Shaded","section":"Shading Mode"},"sceneLighting":false,"audioPlay":false,"sceneViewState":{"m_AlwaysRefresh":false,"showFog":true,"showSkybox":false,"showFlares":true,"showImageEffects":true,"showParticleSystems":true,"showVisualEffectGraphs":true,"m_FxEnabled":true},"in2DMode":false,"pivot":{"x":-8.789999961853028,"y":0.14935405552387238,"z":-1.4901161193847657e-8},"rotation":{"x":-0.03597482293844223,"y":0.031170951202511789,"z":-0.0011226329952478409,"w":-0.9988666772842407},"size":0.3919181525707245,"orthographic":false}