{"cameraMode":{"drawMode":0,"name":"Shaded","section":"Shading Mode"},"sceneLighting":false,"audioPlay":false,"sceneViewState":{"m_AlwaysRefresh":false,"showFog":false,"showSkybox":false,"showFlares":false,"showImageEffects":false,"showParticleSystems":false,"showVisualEffectGraphs":false,"m_FxEnabled":true},"in2DMode":false,"pivot":{"x":0.060648441314697269,"y":-0.003817230463027954,"z":0.11868630349636078},"rotation":{"x":-0.2960391938686371,"y":0.3814221918582916,"z":-0.13039512932300569,"w":-0.8659517765045166},"size":2.38291072845459,"orthographic":false}