{"cameraMode":{"drawMode":0,"name":"Shaded","section":"Shading Mode"},"sceneLighting":true,"audioPlay":false,"sceneViewState":{"m_AlwaysRefresh":false,"showFog":false,"showSkybox":false,"showFlares":false,"showImageEffects":false,"showParticleSystems":false,"showVisualEffectGraphs":false,"m_FxEnabled":true},"in2DMode":false,"pivot":{"x":-6.017330646514893,"y":6.703494071960449,"z":7.2475786209106449},"rotation":{"x":0.0005525232409127057,"y":0.9912535548210144,"z":0.004153846297413111,"w":-0.1319124698638916},"size":22.09687614440918,"orthographic":false}